Workbook

Sheet Prozess-Test
A1: Teilnehmer | B1: Reihenfolge | C1: Methode | D1: Bearbeitungszeit_s | E1: Korrekte_Empfehlungen_0_3 | F1: Korrekte_Risiken_0_3 | G1: Korrekte_Kostenwerte_0_3 | H1: Gesamtfelder | I1: Vollständigkeit | J1: Entscheidungssicherheit_1_5 | K1: Bestanden | L1: Notizen
A2: P1 | B2: 1 | C2: Manuell | D2: 180 | E2: 2 | F2: 2 | G2: 1 | H2: 9 | I2: =IF(COUNTA(D2:G2)<4,"",(E2+F2+G2)/H2) -> 0.55555556 | J2: 3 | K2: =IF(I2="","",IF(AND(I2>=0.9,E2=3),"Pass","Fail")) -> Fail | L2: Die PA6-Verzögerungskosten wurden falsch berechnet.
A3: P1 | B3: 2 | C3: Dashboard | D3: 65 | E3: 3 | F3: 3 | G3: 3 | H3: 9 | I3: =IF(COUNTA(D3:G3)<4,"",(E3+F3+G3)/H3) -> 1 | J3: 5 | K3: =IF(I3="","",IF(AND(I3>=0.9,E3=3),"Pass","Fail")) -> Pass | L3: Alle Informationen konnten schnell gefunden werden.
A4: P2 | B4: 1 | C4: Dashboard | D4: 55 | E4: 3 | F4: 3 | G4: 3 | H4: 9 | I4: =IF(COUNTA(D4:G4)<4,"",(E4+F4+G4)/H4) -> 1 | J4: 5 | K4: =IF(I4="","",IF(AND(I4>=0.9,E4=3),"Pass","Fail")) -> Pass | L4: Die Darstellung war klar und leicht verständlich.
A5: P2 | B5: 2 | C5: Manuell | D5: 165 | E5: 3 | F5: 2 | G5: 2 | H5: 9 | I5: =IF(COUNTA(D5:G5)<4,"",(E5+F5+G5)/H5) -> 0.77777778 | J5: 3 | K5: =IF(I5="","",IF(AND(I5>=0.9,E5=3),"Pass","Fail")) -> Fail | L5: Die Zuordnung der Risiken war schwierig.
A6: P3 | B6: 1 | C6: Manuell | D6: 210 | E6: 2 | F6: 1 | G6: 2 | H6: 9 | I6: =IF(COUNTA(D6:G6)<4,"",(E6+F6+G6)/H6) -> 0.55555556 | J6: 2 | K6: =IF(I6="","",IF(AND(I6>=0.9,E6=3),"Pass","Fail")) -> Fail | L6: Die Suche in der CSV-Datei dauerte lange.
A7: P3 | B7: 2 | C7: Dashboard | D7: 70 | E7: 3 | F7: 3 | G7: 3 | H7: 9 | I7: =IF(COUNTA(D7:G7)<4,"",(E7+F7+G7)/H7) -> 1 | J7: 4 | K7: =IF(I7="","",IF(AND(I7>=0.9,E7=3),"Pass","Fail")) -> Pass | L7: Die Empfehlungen waren leicht nachvollziehbar.
A8: P4 | B8: 1 | C8: Dashboard | D8: 60 | E8: 3 | F8: 3 | G8: 3 | H8: 9 | I8: =IF(COUNTA(D8:G8)<4,"",(E8+F8+G8)/H8) -> 1 | J8: 5 | K8: =IF(I8="","",IF(AND(I8>=0.9,E8=3),"Pass","Fail")) -> Pass | L8: Die wichtigsten Kennzahlen waren sofort sichtbar.
A9: P4 | B9: 2 | C9: Manuell | D9: 195 | E9: 2 | F9: 2 | G9: 1 | H9: 9 | I9: =IF(COUNTA(D9:G9)<4,"",(E9+F9+G9)/H9) -> 0.55555556 | J9: 2 | K9: =IF(I9="","",IF(AND(I9>=0.9,E9=3),"Pass","Fail")) -> Fail | L9: Die Kostenwerte mussten mehrfach kontrolliert werden.
A10: P5 | B10: 1 | C10: Manuell | D10: 175 | E10: 3 | F10: 2 | G10: 2 | H10: 9 | I10: =IF(COUNTA(D10:G10)<4,"",(E10+F10+G10)/H10) -> 0.77777778 | J10: 3 | K10: =IF(I10="","",IF(AND(I10>=0.9,E10=3),"Pass","Fail")) -> Fail | L10: Das manuelle Zusammenführen der Angaben war zeitaufwendig.
A11: P5 | B11: 2 | C11: Dashboard | D11: 62 | E11: 3 | F11: 3 | G11: 3 | H11: 9 | I11: =IF(COUNTA(D11:G11)<4,"",(E11+F11+G11)/H11) -> 1 | J11: 5 | K11: =IF(I11="","",IF(AND(I11>=0.9,E11=3),"Pass","Fail")) -> Pass | L11: Die Aufgabe konnte ohne zusätzliche Hilfe abgeschlossen werden.

Sheet Anleitung
A1: Prozesswirkungstest – Anleitung
A2: Ziel | B2: Vergleich der manuellen Auswertung der CSV-Datei mit der Nutzung des Dashboards.
A3: Testaufgabe | B3: Ermitteln Sie für PP, PA6 und Steel jeweils (1) Handlungsempfehlung, (2) Makrorisiko und (3) Verzögerungskosten.
A4: Methode Manuell | B4: Nur procurement_baseline.csv verwenden. Dashboard und signals.json dürfen nicht geöffnet werden.
A5: Methode Dashboard | B5: Nur das veröffentlichte Dashboard verwenden.
A6: Zeitmessung | B6: Stoppuhr beim Anzeigen der Daten starten und stoppen, sobald alle neun Angaben genannt wurden.
A7: Teilnehmende | B7: Idealerweise 5 Personen. Mindestens 3 Personen, die den Prototyp nicht selbst entwickelt haben.
A8: Reihenfolge | B8: Zur Verringerung des Lerneffekts wechseln: P1 Manuell→Dashboard, P2 Dashboard→Manuell usw.
A9: Bewertung | B9: Nach jeder Aufgabe trägt die Testleitung Zeit und Anzahl korrekter Angaben in das Blatt Prozess-Test ein.
A10: Nicht ausfüllen | B10: Die Spalten Gesamtfelder, Vollständigkeit und Bestanden werden automatisch berechnet.

Sheet Goldstandard
A1: Material | B1: Erwartete Empfehlung | C1: Erwartetes Makrorisiko | D1: Erwartete Verzögerungskosten_EUR
A2: PP | B2: Buy now | C2: Turkey minimum wage increase | D2: 49599.76
A3: PA6 | B3: Buy now | C3: Red Sea shipping disruption | D3: -178060.52
A4: Steel | B4: Delay | C4: Geopolitical supply disruption | D4: 246229.8

Sheet Auswertung
A1: Kennzahl | B1: Manuell | C1: Dashboard | D1: Zielwert
A2: Durchschnittliche Bearbeitungszeit (Sek.) | B2: =IFERROR(SUMIF('Prozess-Test'!C2:C11,"Manuell",'Prozess-Test'!D2:D11)/COUNTIF('Prozess-Test'!C2:C11,"Manuell"),"") -> 185 | C2: =IFERROR(SUMIF('Prozess-Test'!C2:C11,"Dashboard",'Prozess-Test'!D2:D11)/COUNTIF('Prozess-Test'!C2:C11,"Dashboard"),"") -> 62.4 | D2: Dashboard ≥30 % schneller
A3: Durchschnittliche Vollständigkeit | B3: =IFERROR(SUMIF('Prozess-Test'!C2:C11,"Manuell",'Prozess-Test'!I2:I11)/COUNTIF('Prozess-Test'!C2:C11,"Manuell"),"") -> 0.64444444 | C3: =IFERROR(SUMIF('Prozess-Test'!C2:C11,"Dashboard",'Prozess-Test'!I2:I11)/COUNTIF('Prozess-Test'!C2:C11,"Dashboard"),"") -> 1 | D3: ≥90 %
A4: Empfehlungsgenauigkeit | B4: =IFERROR(SUMIF('Prozess-Test'!C2:C11,"Manuell",'Prozess-Test'!E2:E11)/(COUNTIF('Prozess-Test'!C2:C11,"Manuell")*3),"") -> 0.8 | C4: =IFERROR(SUMIF('Prozess-Test'!C2:C11,"Dashboard",'Prozess-Test'!E2:E11)/(COUNTIF('Prozess-Test'!C2:C11,"Dashboard")*3),"") -> 1 | D4: ≥90 %
A5: Risikogenauigkeit | B5: =IFERROR(SUMIF('Prozess-Test'!C2:C11,"Manuell",'Prozess-Test'!F2:F11)/(COUNTIF('Prozess-Test'!C2:C11,"Manuell")*3),"") -> 0.6 | C5: =IFERROR(SUMIF('Prozess-Test'!C2:C11,"Dashboard",'Prozess-Test'!F2:F11)/(COUNTIF('Prozess-Test'!C2:C11,"Dashboard")*3),"") -> 1 | D5: ≥80 %
A6: Kostengenauigkeit | B6: =IFERROR(SUMIF('Prozess-Test'!C2:C11,"Manuell",'Prozess-Test'!G2:G11)/(COUNTIF('Prozess-Test'!C2:C11,"Manuell")*3),"") -> 0.53333333 | C6: =IFERROR(SUMIF('Prozess-Test'!C2:C11,"Dashboard",'Prozess-Test'!G2:G11)/(COUNTIF('Prozess-Test'!C2:C11,"Dashboard")*3),"") -> 1 | D6: 100 %
A7: Durchschnittliche Entscheidungssicherheit | B7: =IFERROR(SUMIF('Prozess-Test'!C2:C11,"Manuell",'Prozess-Test'!J2:J11)/COUNTIF('Prozess-Test'!C2:C11,"Manuell"),"") -> 2.6 | C7: =IFERROR(SUMIF('Prozess-Test'!C2:C11,"Dashboard",'Prozess-Test'!J2:J11)/COUNTIF('Prozess-Test'!C2:C11,"Dashboard"),"") -> 4.8 | D7: Dashboard ≥4/5
A8: Zeitersparnis Dashboard | C8: =IF(OR(B2="",C2=""),"",(B2-C2)/B2) -> 0.6627027 | D8: ≥30 %
A9: Gesamtergebnis | C9: =IF(COUNTA('Prozess-Test'!D2:D11)<10,"Not evaluated",IF(AND(C8>=0.3,C3>=0.9,C4>=0.9,C6=1,C7>=4),"Pass","Fail")) -> Pass | D9: Pass
